batch_id,model,parameters,processor,category,total_runs,count_failures,count_success,success_rate,R_efficiency,R_exponential,R_linear,R_robust,total_tokens_ave,total_tokens_mean,total_tokens_median,total_tokens_min,total_tokens_max,latency_ave,latency_mean,latency_median,latency_min,latency_max
codestral_34a5_tpusg_batch,codestral,P,tpusg,codestral_tpusg_P,30,27,3,10.0,2.6111111111111107,2.4211496151882828,3.9999999999999996,5.0,13403.333333333334,13403.333333333334,13441.5,9151,14988,95.99166666666666,95.99166666666666,96.655,48.59,129.67
codestral_366b_psg_batch,codestral,NP,psg,codestral_psg_NP,30,22,8,26.666666666666668,24.000000000000004,23.78445094412204,24.000000000000004,24.333333333333332,11268.966666666667,11268.966666666667,13558.5,2645,15053,64.49066666666667,64.49066666666667,72.35,16.17,120.98
codestral_3adb_psg_batch,codestral,P,psg,codestral_psg_P,30,28,2,6.666666666666667,1.3333333333333335,0.9022352215774181,1.333333333333333,2.0,13345.7,13345.7,13346.5,12551,14062,94.94033333333333,94.94033333333333,94.805,74.73,113.13
codestral_4b06_psg_batch,codestral,P,psg,codestral_psg_P,30,30,0,0.0,0.0,0.0,0.0,0.0,13853.366666666667,13853.366666666667,13867.0,13007,14707,76.87066666666666,76.87066666666666,76.42,60.69,95.37
codestral_62f3_psg_batch,codestral,P,psg,codestral_psg_P,30,29,1,3.3333333333333335,1.111111111111111,1.2262648039048079,2.0,2.0,13399.166666666666,13399.166666666666,13513.0,7931,14253,70.63533333333334,70.63533333333334,68.495,39.02,126.36
codestral_9eb0_psg_batch,codestral,NP,psg,codestral_psg_NP,30,25,5,16.666666666666664,7.222222222222221,7.273397342132482,10.0,11.333333333333334,12638.833333333334,12638.833333333334,13490.5,2804,14354,64.759,64.759,68.70500000000001,18.22,83.67
codestral_9eb0_tpusg_batch,codestral,NP,tpusg,codestral_tpusg_NP,30,20,10,33.33333333333333,14.388888888888888,15.518940826050242,20.666666666666664,24.666666666666664,12379.9,12379.9,13440.5,2920,16582,73.75033333333333,73.75033333333333,69.33,17.02,176.51
codestral_a277_psg_batch,codestral,NP,psg,codestral_psg_NP,21,4,17,80.95238095238095,45.23809523809524,51.31178847787283,64.76190476190476,75.23809523809524,7230.476190476191,7230.476190476191,5861.0,2606,13716,43.52571428571429,43.52571428571429,40.32,14.67,72.17
codestral_bcbe_psg_batch,codestral,NP,psg,codestral_psg_NP,21,7,14,66.66666666666666,30.714285714285715,34.83023354571636,46.666666666666664,55.714285714285715,9340.190476190477,9340.190476190477,8722.0,2936,15109,55.03857142857142,55.03857142857142,49.41,20.41,111.69
codestral_c8f6_tpusg_batch,codestral,NP,tpusg,codestral_tpusg_NP,30,20,10,33.33333333333333,11.5,11.182081358310295,16.666666666666664,20.33333333333333,12911.833333333334,12911.833333333334,13829.5,2927,15565,106.14366666666666,106.14366666666666,111.3,25.13,149.09
codestral_e6d3_psg_batch,codestral,P,psg,codestral_psg_P,30,24,6,20.0,5.555555555555555,5.42759840978868,9.333333333333332,12.000000000000002,12848.6,12848.6,13502.5,8312,14372,65.536,65.536,67.775,45.73,83.2
codestral_e6d3_tpusg_batch,codestral,P,tpusg,codestral_tpusg_P,30,22,8,26.666666666666668,7.61111111111111,7.587478427892239,12.666666666666664,15.0,12973.633333333333,12973.633333333333,13611.5,8875,15814,68.777,68.777,71.24000000000001,38.17,105.66
codestral_fc8d_tpusg_batch,codestral,P,tpusg,codestral_tpusg_P,30,28,2,6.666666666666667,1.9444444444444442,1.9700320043995738,3.3333333333333335,4.0,13466.866666666667,13466.866666666667,13616.5,8722,15568,97.23533333333333,97.23533333333333,96.875,51.47,143.98
gemma3:27b_04fd_psg_batch,gemma3:27b,NP,psg,gemma3:27b_psg_NP,30,22,8,26.666666666666668,18.055555555555554,18.551399007346493,21.333333333333336,22.666666666666668,12219.866666666667,12219.866666666667,14478.5,2424,15489,113.257,113.257,129.22,19.91,154.32
gemma3:27b_04fd_tpusg_batch,gemma3:27b,NP,tpusg,gemma3:27b_tpusg_NP,30,28,2,6.666666666666667,1.7777777777777777,1.6773824146935168,2.6666666666666665,2.9999999999999996,15268.133333333333,15268.133333333333,15622.5,9202,16162,148.76366666666667,148.76366666666667,151.95,87.37,183.62
gemma3:27b_3888_psg_batch,gemma3:27b,P,psg,gemma3:27b_psg_P,30,13,17,56.666666666666664,12.333333333333334,9.424896921644395,15.333333333333332,23.0,12887.5,12887.5,13394.5,10499,13757,96.53966666666666,96.53966666666666,99.435,75.63,108.97
gemma3:27b_3888_tpusg_batch,gemma3:27b,P,tpusg,gemma3:27b_tpusg_P,30,30,0,0.0,0.0,0.0,0.0,0.0,15261.066666666668,15261.066666666668,15255.5,15156,15439,143.51966666666667,143.51966666666667,142.345,139.66,176.06
gemma3:27b_85a9_psg_batch,gemma3:27b,NP,psg,gemma3:27b_psg_NP,30,6,24,80.0,42.77777777777778,45.71130448927416,57.99999999999999,65.33333333333334,7677.133333333333,7677.133333333333,7738.5,2402,13863,81.82,81.82,76.68,26.9,155.17
gemma3:27b_85a9_tpusg_batch,gemma3:27b,NP,tpusg,gemma3:27b_tpusg_NP,15,14,1,6.666666666666667,6.666666666666667,6.666666666666667,6.666666666666667,6.666666666666667,14585.2,14585.2,15335.0,3070,15842,192.23066666666668,192.23066666666668,198.27,42.33,244.3
gemma3:27b_b603_tpusg_batch,gemma3:27b,P,tpusg,gemma3:27b_tpusg_P,13,13,0,0.0,0.0,0.0,0.0,0.0,15219.846153846154,15219.846153846154,15220.0,15148,15275,194.28846153846155,194.28846153846155,193.15,190.5,210.98
gemma3:27b_d558_psg_batch,gemma3:27b,P,psg,gemma3:27b_psg_P,22,2,20,90.9090909090909,20.0,15.495748545576324,25.454545454545453,38.18181818181819,12478.272727272728,12478.272727272728,13391.5,10643,13589,96.77954545454546,96.77954545454546,100.985,80.39,109.54
phi4_00af_tpusg_batch,phi4,NP,tpusg,phi4_tpusg_NP,1,0,1,100.0,100.0,100.0,100.0,100.0,2622.0,2622.0,2622.0,2622,2622,17.14,17.14,17.14,17.14,17.14
phi4_0389_tpusg_batch,phi4,NP,tpusg,phi4_tpusg_NP,1,0,1,100.0,100.0,100.0,100.0,100.0,2646.0,2646.0,2646.0,2646,2646,17.52,17.52,17.52,17.52,17.52
phi4_0475_psg_batch,phi4,NP,psg,phi4_psg_NP,1,0,1,100.0,33.33333333333333,36.787944117144235,60.0,60.0,8148.0,8148.0,8148.0,8148,8148,51.03,51.03,51.03,51.03,51.03
phi4_05c2_tpusg_batch,phi4,NP,tpusg,phi4_tpusg_NP,1,0,1,100.0,100.0,100.0,100.0,100.0,2499.0,2499.0,2499.0,2499,2499,14.7,14.7,14.7,14.7,14.7
phi4_05cf_tpusg_batch,phi4,P,tpusg,phi4_tpusg_P,1,0,1,100.0,100.0,100.0,100.0,100.0,2750.0,2750.0,2750.0,2750,2750,19.47,19.47,19.47,19.47,19.47
phi4_078e_psg_batch,phi4,P,psg,phi4_psg_P,1,0,1,100.0,100.0,100.0,100.0,100.0,2242.0,2242.0,2242.0,2242,2242,13.49,13.49,13.49,13.49,13.49
phi4_0792_psg_batch,phi4,NP,psg,phi4_psg_NP,1,0,1,100.0,50.0,60.653065971263345,80.0,100.0,5379.0,5379.0,5379.0,5379,5379,35.8,35.8,35.8,35.8,35.8
phi4_07c6_psg_batch,phi4,NP,psg,phi4_psg_NP,1,0,1,100.0,50.0,60.653065971263345,80.0,100.0,5379.0,5379.0,5379.0,5379,5379,35.8,35.8,35.8,35.8,35.8
phi4_0936_psg_batch,phi4,NP,psg,phi4_psg_NP,1,0,1,100.0,25.0,22.313016014842983,39.99999999999999,60.0,11420.0,11420.0,11420.0,11420,11420,80.95,80.95,80.95,80.95,80.95
phi4_0962_tpusg_batch,phi4,NP,tpusg,phi4_tpusg_NP,1,0,1,100.0,100.0,100.0,100.0,100.0,2767.0,2767.0,2767.0,2767,2767,19.84,19.84,19.84,19.84,19.84
phi4_0b0e_tpusg_batch,phi4,P,tpusg,phi4_tpusg_P,1,0,1,100.0,100.0,100.0,100.0,100.0,2750.0,2750.0,2750.0,2750,2750,19.49,19.49,19.49,19.49,19.49
phi4_0d73_tpusg_batch,phi4,P,tpusg,phi4_tpusg_P,1,0,1,100.0,100.0,100.0,100.0,100.0,2756.0,2756.0,2756.0,2756,2756,19.6,19.6,19.6,19.6,19.6
phi4_0d9d_psg_batch,phi4,P,psg,phi4_psg_P,1,0,1,100.0,100.0,100.0,100.0,100.0,2245.0,2245.0,2245.0,2245,2245,13.55,13.55,13.55,13.55,13.55
phi4_0d9e_psg_batch,phi4,P,psg,phi4_psg_P,1,0,1,100.0,100.0,100.0,100.0,100.0,2242.0,2242.0,2242.0,2242,2242,13.52,13.52,13.52,13.52,13.52
phi4_0ef4_psg_batch,phi4,P,psg,phi4_psg_P,1,0,1,100.0,100.0,100.0,100.0,100.0,2242.0,2242.0,2242.0,2242,2242,13.75,13.75,13.75,13.75,13.75
phi4_0f2a_tpusg_batch,phi4,P,tpusg,phi4_tpusg_P,1,0,1,100.0,100.0,100.0,100.0,100.0,2750.0,2750.0,2750.0,2750,2750,19.5,19.5,19.5,19.5,19.5
phi4_0ff7_tpusg_batch,phi4,NP,tpusg,phi4_tpusg_NP,1,0,1,100.0,50.0,60.653065971263345,80.0,100.0,5782.0,5782.0,5782.0,5782,5782,39.81,39.81,39.81,39.81,39.81
phi4_1378_tpusg_batch,phi4,P,tpusg,phi4_tpusg_P,1,0,1,100.0,100.0,100.0,100.0,100.0,2750.0,2750.0,2750.0,2750,2750,19.5,19.5,19.5,19.5,19.5
phi4_138d_psg_batch,phi4,P,psg,phi4_psg_P,1,0,1,100.0,100.0,100.0,100.0,100.0,2242.0,2242.0,2242.0,2242,2242,13.69,13.69,13.69,13.69,13.69
phi4_16e9_psg_batch,phi4,NP,psg,phi4_psg_NP,1,0,1,100.0,33.33333333333333,36.787944117144235,60.0,60.0,8307.0,8307.0,8307.0,8307,8307,53.97,53.97,53.97,53.97,53.97
phi4_16ec_psg_batch,phi4,NP,psg,phi4_psg_NP,1,0,1,100.0,33.33333333333333,36.787944117144235,60.0,60.0,8362.0,8362.0,8362.0,8362,8362,55.06,55.06,55.06,55.06,55.06
phi4_1700_tpusg_batch,phi4,NP,tpusg,phi4_tpusg_NP,1,0,1,100.0,100.0,100.0,100.0,100.0,2552.0,2552.0,2552.0,2552,2552,15.72,15.72,15.72,15.72,15.72
phi4_1a14_tpusg_batch,phi4,NP,tpusg,phi4_tpusg_NP,1,0,1,100.0,50.0,60.653065971263345,80.0,100.0,5850.0,5850.0,5850.0,5850,5850,41.01,41.01,41.01,41.01,41.01
phi4_1a54_tpusg_batch,phi4,NP,tpusg,phi4_tpusg_NP,1,1,0,0.0,0.0,0.0,0.0,0.0,16519.0,16519.0,16519.0,16519,16519,131.27,131.27,131.27,131.27,131.27
phi4_1ada_tpusg_batch,phi4,NP,tpusg,phi4_tpusg_NP,1,0,1,100.0,100.0,100.0,100.0,100.0,2767.0,2767.0,2767.0,2767,2767,19.84,19.84,19.84,19.84,19.84
phi4_1bcf_psg_batch,phi4,P,psg,phi4_psg_P,1,0,1,100.0,100.0,100.0,100.0,100.0,2242.0,2242.0,2242.0,2242,2242,13.5,13.5,13.5,13.5,13.5
phi4_1ea5_tpusg_batch,phi4,NP,tpusg,phi4_tpusg_NP,1,0,1,100.0,50.0,60.653065971263345,80.0,100.0,5994.0,5994.0,5994.0,5994,5994,43.76,43.76,43.76,43.76,43.76
phi4_1fd8_tpusg_batch,phi4,P,tpusg,phi4_tpusg_P,1,0,1,100.0,100.0,100.0,100.0,100.0,2750.0,2750.0,2750.0,2750,2750,19.45,19.45,19.45,19.45,19.45
phi4_2090_psg_batch,phi4,NP,psg,phi4_psg_NP,1,0,1,100.0,50.0,60.653065971263345,80.0,100.0,5259.0,5259.0,5259.0,5259,5259,33.45,33.45,33.45,33.45,33.45
phi4_20da_tpusg_batch,phi4,P,tpusg,phi4_tpusg_P,1,0,1,100.0,100.0,100.0,100.0,100.0,2757.0,2757.0,2757.0,2757,2757,19.58,19.58,19.58,19.58,19.58
phi4_212a_psg_batch,phi4,NP,psg,phi4_psg_NP,1,0,1,100.0,100.0,100.0,100.0,100.0,2268.0,2268.0,2268.0,2268,2268,14.03,14.03,14.03,14.03,14.03
phi4_2234_tpusg_batch,phi4,P,tpusg,phi4_tpusg_P,1,0,1,100.0,100.0,100.0,100.0,100.0,2732.0,2732.0,2732.0,2732,2732,19.12,19.12,19.12,19.12,19.12
phi4_23b6_tpusg_batch,phi4,NP,tpusg,phi4_tpusg_NP,1,0,1,100.0,20.0,13.53352832366127,19.999999999999996,30.0,14826.0,14826.0,14826.0,14826,14826,101.09,101.09,101.09,101.09,101.09
phi4_23e2_psg_batch,phi4,NP,psg,phi4_psg_NP,1,1,0,0.0,0.0,0.0,0.0,0.0,14413.0,14413.0,14413.0,14413,14413,99.26,99.26,99.26,99.26,99.26
phi4_23f3_tpusg_batch,phi4,P,tpusg,phi4_tpusg_P,1,0,1,100.0,100.0,100.0,100.0,100.0,2757.0,2757.0,2757.0,2757,2757,19.65,19.65,19.65,19.65,19.65
phi4_2401_psg_batch,phi4,P,psg,phi4_psg_P,1,0,1,100.0,100.0,100.0,100.0,100.0,2242.0,2242.0,2242.0,2242,2242,13.5,13.5,13.5,13.5,13.5
phi4_243b_psg_batch,phi4,P,psg,phi4_psg_P,1,0,1,100.0,100.0,100.0,100.0,100.0,2242.0,2242.0,2242.0,2242,2242,13.5,13.5,13.5,13.5,13.5
phi4_2579_psg_batch,phi4,NP,psg,phi4_psg_NP,1,0,1,100.0,100.0,100.0,100.0,100.0,2426.0,2426.0,2426.0,2426,2426,17.34,17.34,17.34,17.34,17.34
phi4_2673_psg_batch,phi4,NP,psg,phi4_psg_NP,1,0,1,100.0,100.0,100.0,100.0,100.0,2306.0,2306.0,2306.0,2306,2306,14.85,14.85,14.85,14.85,14.85
phi4_2887_psg_batch,phi4,P,psg,phi4_psg_P,1,0,1,100.0,100.0,100.0,100.0,100.0,2245.0,2245.0,2245.0,2245,2245,13.55,13.55,13.55,13.55,13.55
phi4_2988_psg_batch,phi4,NP,psg,phi4_psg_NP,1,0,1,100.0,50.0,60.653065971263345,80.0,100.0,5279.0,5279.0,5279.0,5279,5279,34.0,34.0,34.0,34.0,34.0
phi4_2bac_tpusg_batch,phi4,P,tpusg,phi4_tpusg_P,1,0,1,100.0,100.0,100.0,100.0,100.0,2750.0,2750.0,2750.0,2750,2750,19.47,19.47,19.47,19.47,19.47
phi4_2c5b_psg_batch,phi4,P,psg,phi4_psg_P,1,0,1,100.0,100.0,100.0,100.0,100.0,2242.0,2242.0,2242.0,2242,2242,13.75,13.75,13.75,13.75,13.75
phi4_2c68_tpusg_batch,phi4,P,tpusg,phi4_tpusg_P,1,0,1,100.0,100.0,100.0,100.0,100.0,2750.0,2750.0,2750.0,2750,2750,19.47,19.47,19.47,19.47,19.47
phi4_2db9_psg_batch,phi4,NP,psg,phi4_psg_NP,1,0,1,100.0,20.0,13.53352832366127,19.999999999999996,30.0,13625.0,13625.0,13625.0,13625,13625,80.47,80.47,80.47,80.47,80.47
phi4_31c8_tpusg_batch,phi4,P,tpusg,phi4_tpusg_P,1,0,1,100.0,100.0,100.0,100.0,100.0,2756.0,2756.0,2756.0,2756,2756,28.11,28.11,28.11,28.11,28.11
phi4_3255_tpusg_batch,phi4,P,tpusg,phi4_tpusg_P,1,0,1,100.0,100.0,100.0,100.0,100.0,2750.0,2750.0,2750.0,2750,2750,19.5,19.5,19.5,19.5,19.5
phi4_337f_tpusg_batch,phi4,P,tpusg,phi4_tpusg_P,1,0,1,100.0,100.0,100.0,100.0,100.0,2757.0,2757.0,2757.0,2757,2757,19.61,19.61,19.61,19.61,19.61
phi4_3385_tpusg_batch,phi4,P,tpusg,phi4_tpusg_P,1,0,1,100.0,100.0,100.0,100.0,100.0,2750.0,2750.0,2750.0,2750,2750,19.49,19.49,19.49,19.49,19.49
phi4_369e_psg_batch,phi4,NP,psg,phi4_psg_NP,1,0,1,100.0,100.0,100.0,100.0,100.0,2393.0,2393.0,2393.0,2393,2393,16.46,16.46,16.46,16.46,16.46
phi4_36ce_psg_batch,phi4,NP,psg,phi4_psg_NP,1,0,1,100.0,100.0,100.0,100.0,100.0,2426.0,2426.0,2426.0,2426,2426,17.34,17.34,17.34,17.34,17.34
phi4_37e5_psg_batch,phi4,P,psg,phi4_psg_P,1,0,1,100.0,100.0,100.0,100.0,100.0,2242.0,2242.0,2242.0,2242,2242,13.51,13.51,13.51,13.51,13.51
phi4_3a6c_psg_batch,phi4,P,psg,phi4_psg_P,1,0,1,100.0,100.0,100.0,100.0,100.0,2245.0,2245.0,2245.0,2245,2245,13.55,13.55,13.55,13.55,13.55
phi4_3a85_tpusg_batch,phi4,P,tpusg,phi4_tpusg_P,1,0,1,100.0,100.0,100.0,100.0,100.0,2756.0,2756.0,2756.0,2756,2756,19.6,19.6,19.6,19.6,19.6
phi4_3b43_psg_batch,phi4,P,psg,phi4_psg_P,30,0,30,100.0,100.0,100.0,100.0,100.0,2242.7,2242.7,2242.0,2242,2245,14.101333333333335,14.101333333333335,13.96,13.82,16.04
phi4_3b43_tpusg_batch,phi4,P,tpusg,phi4_tpusg_P,30,0,30,100.0,100.0,100.0,100.0,100.0,2749.4333333333334,2749.4333333333334,2750.0,2732,2787,21.476,21.476,20.119999999999997,19.68,59.68
phi4_3cb5_tpusg_batch,phi4,P,tpusg,phi4_tpusg_P,1,0,1,100.0,100.0,100.0,100.0,100.0,2757.0,2757.0,2757.0,2757,2757,19.58,19.58,19.58,19.58,19.58
phi4_3e11_tpusg_batch,phi4,P,tpusg,phi4_tpusg_P,1,0,1,100.0,100.0,100.0,100.0,100.0,2750.0,2750.0,2750.0,2750,2750,19.5,19.5,19.5,19.5,19.5
phi4_3f79_tpusg_batch,phi4,P,tpusg,phi4_tpusg_P,1,0,1,100.0,100.0,100.0,100.0,100.0,2756.0,2756.0,2756.0,2756,2756,19.58,19.58,19.58,19.58,19.58
phi4_3f85_tpusg_batch,phi4,P,tpusg,phi4_tpusg_P,1,0,1,100.0,100.0,100.0,100.0,100.0,2750.0,2750.0,2750.0,2750,2750,19.57,19.57,19.57,19.57,19.57
phi4_40f0_psg_batch,phi4,P,psg,phi4_psg_P,1,0,1,100.0,100.0,100.0,100.0,100.0,2242.0,2242.0,2242.0,2242,2242,13.5,13.5,13.5,13.5,13.5
phi4_41e9_tpusg_batch,phi4,NP,tpusg,phi4_tpusg_NP,1,0,1,100.0,100.0,100.0,100.0,100.0,2813.0,2813.0,2813.0,2813,2813,20.64,20.64,20.64,20.64,20.64
phi4_425f_psg_batch,phi4,P,psg,phi4_psg_P,1,0,1,100.0,100.0,100.0,100.0,100.0,2245.0,2245.0,2245.0,2245,2245,13.55,13.55,13.55,13.55,13.55
phi4_426b_tpusg_batch,phi4,NP,tpusg,phi4_tpusg_NP,1,0,1,100.0,100.0,100.0,100.0,100.0,2686.0,2686.0,2686.0,2686,2686,18.28,18.28,18.28,18.28,18.28
phi4_4286_psg_batch,phi4,NP,psg,phi4_psg_NP,1,0,1,100.0,50.0,60.653065971263345,80.0,100.0,5182.0,5182.0,5182.0,5182,5182,31.94,31.94,31.94,31.94,31.94
phi4_42fd_tpusg_batch,phi4,NP,tpusg,phi4_tpusg_NP,1,0,1,100.0,50.0,60.653065971263345,80.0,100.0,5782.0,5782.0,5782.0,5782,5782,39.81,39.81,39.81,39.81,39.81
phi4_4381_psg_batch,phi4,P,psg,phi4_psg_P,1,0,1,100.0,100.0,100.0,100.0,100.0,2245.0,2245.0,2245.0,2245,2245,13.55,13.55,13.55,13.55,13.55
phi4_459c_psg_batch,phi4,NP,psg,phi4_psg_NP,1,0,1,100.0,50.0,60.653065971263345,80.0,100.0,5279.0,5279.0,5279.0,5279,5279,34.0,34.0,34.0,34.0,34.0
phi4_45ce_psg_batch,phi4,P,psg,phi4_psg_P,1,0,1,100.0,100.0,100.0,100.0,100.0,2245.0,2245.0,2245.0,2245,2245,13.57,13.57,13.57,13.57,13.57
phi4_45fe_tpusg_batch,phi4,P,tpusg,phi4_tpusg_P,1,0,1,100.0,100.0,100.0,100.0,100.0,2732.0,2732.0,2732.0,2732,2732,19.12,19.12,19.12,19.12,19.12
phi4_4872_tpusg_batch,phi4,NP,tpusg,phi4_tpusg_NP,1,0,1,100.0,100.0,100.0,100.0,100.0,2675.0,2675.0,2675.0,2675,2675,18.08,18.08,18.08,18.08,18.08
phi4_4888_tpusg_batch,phi4,NP,tpusg,phi4_tpusg_NP,1,0,1,100.0,50.0,60.653065971263345,80.0,100.0,5711.0,5711.0,5711.0,5711,5711,38.43,38.43,38.43,38.43,38.43
phi4_48e8_tpusg_batch,phi4,NP,tpusg,phi4_tpusg_NP,1,0,1,100.0,100.0,100.0,100.0,100.0,2634.0,2634.0,2634.0,2634,2634,17.53,17.53,17.53,17.53,17.53
phi4_49e6_psg_batch,phi4,P,psg,phi4_psg_P,1,0,1,100.0,100.0,100.0,100.0,100.0,2245.0,2245.0,2245.0,2245,2245,13.55,13.55,13.55,13.55,13.55
phi4_4b52_tpusg_batch,phi4,NP,tpusg,phi4_tpusg_NP,1,0,1,100.0,100.0,100.0,100.0,100.0,2622.0,2622.0,2622.0,2622,2622,17.14,17.14,17.14,17.14,17.14
phi4_4eba_psg_batch,phi4,NP,psg,phi4_psg_NP,1,1,0,0.0,0.0,0.0,0.0,0.0,14168.0,14168.0,14168.0,14168,14168,94.29,94.29,94.29,94.29,94.29
phi4_4f04_psg_batch,phi4,P,psg,phi4_psg_P,1,0,1,100.0,100.0,100.0,100.0,100.0,2242.0,2242.0,2242.0,2242,2242,13.51,13.51,13.51,13.51,13.51
phi4_4fb8_tpusg_batch,phi4,NP,tpusg,phi4_tpusg_NP,1,1,0,0.0,0.0,0.0,0.0,0.0,16519.0,16519.0,16519.0,16519,16519,131.27,131.27,131.27,131.27,131.27
phi4_5183_psg_batch,phi4,NP,psg,phi4_psg_NP,1,0,1,100.0,100.0,100.0,100.0,100.0,2824.0,2824.0,2824.0,2824,2824,24.7,24.7,24.7,24.7,24.7
phi4_5355_tpusg_batch,phi4,P,tpusg,phi4_tpusg_P,1,0,1,100.0,100.0,100.0,100.0,100.0,2756.0,2756.0,2756.0,2756,2756,19.64,19.64,19.64,19.64,19.64
phi4_54d3_psg_batch,phi4,NP,psg,phi4_psg_NP,1,0,1,100.0,25.0,22.313016014842983,39.99999999999999,60.0,11710.0,11710.0,11710.0,11710,11710,81.45,81.45,81.45,81.45,81.45
phi4_54ee_psg_batch,phi4,P,psg,phi4_psg_P,1,0,1,100.0,100.0,100.0,100.0,100.0,2242.0,2242.0,2242.0,2242,2242,13.51,13.51,13.51,13.51,13.51
phi4_54f2_tpusg_batch,phi4,P,tpusg,phi4_tpusg_P,1,0,1,100.0,100.0,100.0,100.0,100.0,2756.0,2756.0,2756.0,2756,2756,19.58,19.58,19.58,19.58,19.58
phi4_5532_psg_batch,phi4,P,psg,phi4_psg_P,1,0,1,100.0,100.0,100.0,100.0,100.0,2245.0,2245.0,2245.0,2245,2245,13.81,13.81,13.81,13.81,13.81
phi4_580b_psg_batch,phi4,NP,psg,phi4_psg_NP,1,0,1,100.0,50.0,60.653065971263345,80.0,100.0,5334.0,5334.0,5334.0,5334,5334,34.89,34.89,34.89,34.89,34.89
phi4_5855_psg_batch,phi4,P,psg,phi4_psg_P,1,0,1,100.0,100.0,100.0,100.0,100.0,2242.0,2242.0,2242.0,2242,2242,13.51,13.51,13.51,13.51,13.51
phi4_59ba_psg_batch,phi4,NP,psg,phi4_psg_NP,1,0,1,100.0,33.33333333333333,36.787944117144235,60.0,60.0,8606.0,8606.0,8606.0,8606,8606,59.84,59.84,59.84,59.84,59.84
phi4_59d8_tpusg_batch,phi4,P,tpusg,phi4_tpusg_P,1,0,1,100.0,100.0,100.0,100.0,100.0,2757.0,2757.0,2757.0,2757,2757,19.61,19.61,19.61,19.61,19.61
phi4_5a7d_psg_batch,phi4,P,psg,phi4_psg_P,1,0,1,100.0,100.0,100.0,100.0,100.0,2245.0,2245.0,2245.0,2245,2245,13.55,13.55,13.55,13.55,13.55
phi4_5ae2_tpusg_batch,phi4,NP,tpusg,phi4_tpusg_NP,1,0,1,100.0,100.0,100.0,100.0,100.0,2686.0,2686.0,2686.0,2686,2686,18.28,18.28,18.28,18.28,18.28
phi4_5aef_psg_batch,phi4,P,psg,phi4_psg_P,1,0,1,100.0,100.0,100.0,100.0,100.0,2242.0,2242.0,2242.0,2242,2242,13.52,13.52,13.52,13.52,13.52
phi4_5bff_tpusg_batch,phi4,P,tpusg,phi4_tpusg_P,1,0,1,100.0,100.0,100.0,100.0,100.0,2750.0,2750.0,2750.0,2750,2750,19.48,19.48,19.48,19.48,19.48
phi4_5e40_tpusg_batch,phi4,NP,tpusg,phi4_tpusg_NP,1,0,1,100.0,50.0,60.653065971263345,80.0,100.0,5658.0,5658.0,5658.0,5658,5658,37.54,37.54,37.54,37.54,37.54
phi4_5f7f_tpusg_batch,phi4,NP,tpusg,phi4_tpusg_NP,1,0,1,100.0,50.0,60.653065971263345,80.0,100.0,5850.0,5850.0,5850.0,5850,5850,41.01,41.01,41.01,41.01,41.01
phi4_60a1_psg_batch,phi4,P,psg,phi4_psg_P,1,0,1,100.0,100.0,100.0,100.0,100.0,2242.0,2242.0,2242.0,2242,2242,13.5,13.5,13.5,13.5,13.5
phi4_60c5_tpusg_batch,phi4,NP,tpusg,phi4_tpusg_NP,1,0,1,100.0,50.0,60.653065971263345,80.0,100.0,6148.0,6148.0,6148.0,6148,6148,46.59,46.59,46.59,46.59,46.59
phi4_60ea_psg_batch,phi4,NP,psg,phi4_psg_NP,1,0,1,100.0,50.0,60.653065971263345,80.0,100.0,5115.0,5115.0,5115.0,5115,5115,30.64,30.64,30.64,30.64,30.64
phi4_6109_psg_batch,phi4,P,psg,phi4_psg_P,1,0,1,100.0,100.0,100.0,100.0,100.0,2245.0,2245.0,2245.0,2245,2245,13.55,13.55,13.55,13.55,13.55
phi4_619e_tpusg_batch,phi4,P,tpusg,phi4_tpusg_P,1,0,1,100.0,100.0,100.0,100.0,100.0,2750.0,2750.0,2750.0,2750,2750,19.46,19.46,19.46,19.46,19.46
phi4_63ae_tpusg_batch,phi4,P,tpusg,phi4_tpusg_P,1,0,1,100.0,100.0,100.0,100.0,100.0,2750.0,2750.0,2750.0,2750,2750,19.47,19.47,19.47,19.47,19.47
phi4_665a_tpusg_batch,phi4,P,tpusg,phi4_tpusg_P,1,0,1,100.0,100.0,100.0,100.0,100.0,2732.0,2732.0,2732.0,2732,2732,19.13,19.13,19.13,19.13,19.13
phi4_66aa_tpusg_batch,phi4,NP,tpusg,phi4_tpusg_NP,1,0,1,100.0,100.0,100.0,100.0,100.0,2618.0,2618.0,2618.0,2618,2618,16.95,16.95,16.95,16.95,16.95
phi4_681b_tpusg_batch,phi4,NP,tpusg,phi4_tpusg_NP,1,0,1,100.0,100.0,100.0,100.0,100.0,2675.0,2675.0,2675.0,2675,2675,18.08,18.08,18.08,18.08,18.08
phi4_6990_tpusg_batch,phi4,P,tpusg,phi4_tpusg_P,1,0,1,100.0,100.0,100.0,100.0,100.0,2756.0,2756.0,2756.0,2756,2756,19.56,19.56,19.56,19.56,19.56
phi4_6a21_tpusg_batch,phi4,P,tpusg,phi4_tpusg_P,1,0,1,100.0,100.0,100.0,100.0,100.0,2732.0,2732.0,2732.0,2732,2732,19.17,19.17,19.17,19.17,19.17
phi4_6a34_tpusg_batch,phi4,P,tpusg,phi4_tpusg_P,1,0,1,100.0,100.0,100.0,100.0,100.0,2750.0,2750.0,2750.0,2750,2750,19.7,19.7,19.7,19.7,19.7
phi4_6c9d_tpusg_batch,phi4,P,tpusg,phi4_tpusg_P,1,0,1,100.0,100.0,100.0,100.0,100.0,2750.0,2750.0,2750.0,2750,2750,19.47,19.47,19.47,19.47,19.47
phi4_6e1e_tpusg_batch,phi4,NP,tpusg,phi4_tpusg_NP,1,0,1,100.0,100.0,100.0,100.0,100.0,2710.0,2710.0,2710.0,2710,2710,18.84,18.84,18.84,18.84,18.84
phi4_6e83_tpusg_batch,phi4,NP,tpusg,phi4_tpusg_NP,1,0,1,100.0,100.0,100.0,100.0,100.0,2612.0,2612.0,2612.0,2612,2612,16.88,16.88,16.88,16.88,16.88
phi4_7212_psg_batch,phi4,NP,psg,phi4_psg_NP,1,1,0,0.0,0.0,0.0,0.0,0.0,14502.0,14502.0,14502.0,14502,14502,97.01,97.01,97.01,97.01,97.01
phi4_7357_tpusg_batch,phi4,NP,tpusg,phi4_tpusg_NP,1,0,1,100.0,50.0,60.653065971263345,80.0,100.0,5711.0,5711.0,5711.0,5711,5711,38.43,38.43,38.43,38.43,38.43
phi4_741a_psg_batch,phi4,P,psg,phi4_psg_P,1,0,1,100.0,100.0,100.0,100.0,100.0,2242.0,2242.0,2242.0,2242,2242,13.5,13.5,13.5,13.5,13.5
phi4_74c0_tpusg_batch,phi4,P,tpusg,phi4_tpusg_P,1,0,1,100.0,100.0,100.0,100.0,100.0,2732.0,2732.0,2732.0,2732,2732,19.12,19.12,19.12,19.12,19.12
phi4_7649_psg_batch,phi4,NP,psg,phi4_psg_NP,1,0,1,100.0,33.33333333333333,36.787944117144235,60.0,60.0,8591.0,8591.0,8591.0,8591,8591,59.36,59.36,59.36,59.36,59.36
phi4_770f_tpusg_batch,phi4,NP,tpusg,phi4_tpusg_NP,1,0,1,100.0,50.0,60.653065971263345,80.0,100.0,5818.0,5818.0,5818.0,5818,5818,40.61,40.61,40.61,40.61,40.61
phi4_7716_psg_batch,phi4,NP,psg,phi4_psg_NP,1,1,0,0.0,0.0,0.0,0.0,0.0,14502.0,14502.0,14502.0,14502,14502,97.01,97.01,97.01,97.01,97.01
phi4_778b_tpusg_batch,phi4,P,tpusg,phi4_tpusg_P,1,0,1,100.0,100.0,100.0,100.0,100.0,2732.0,2732.0,2732.0,2732,2732,19.1,19.1,19.1,19.1,19.1
phi4_7927_tpusg_batch,phi4,P,tpusg,phi4_tpusg_P,1,0,1,100.0,100.0,100.0,100.0,100.0,2750.0,2750.0,2750.0,2750,2750,19.74,19.74,19.74,19.74,19.74
phi4_7994_psg_batch,phi4,P,psg,phi4_psg_P,1,0,1,100.0,100.0,100.0,100.0,100.0,2242.0,2242.0,2242.0,2242,2242,13.51,13.51,13.51,13.51,13.51
phi4_7a10_tpusg_batch,phi4,NP,tpusg,phi4_tpusg_NP,1,0,1,100.0,50.0,60.653065971263345,80.0,100.0,5818.0,5818.0,5818.0,5818,5818,40.61,40.61,40.61,40.61,40.61
phi4_7b36_psg_batch,phi4,P,psg,phi4_psg_P,1,0,1,100.0,100.0,100.0,100.0,100.0,2242.0,2242.0,2242.0,2242,2242,13.5,13.5,13.5,13.5,13.5
phi4_7cc0_psg_batch,phi4,P,psg,phi4_psg_P,1,0,1,100.0,100.0,100.0,100.0,100.0,2242.0,2242.0,2242.0,2242,2242,13.51,13.51,13.51,13.51,13.51
phi4_7d5b_psg_batch,phi4,NP,psg,phi4_psg_NP,1,0,1,100.0,33.33333333333333,36.787944117144235,60.0,60.0,8331.0,8331.0,8331.0,8331,8331,54.55,54.55,54.55,54.55,54.55
phi4_8057_tpusg_batch,phi4,NP,tpusg,phi4_tpusg_NP,1,0,1,100.0,20.0,13.53352832366127,19.999999999999996,30.0,14826.0,14826.0,14826.0,14826,14826,101.09,101.09,101.09,101.09,101.09
phi4_8116_psg_batch,phi4,NP,psg,phi4_psg_NP,1,0,1,100.0,20.0,13.53352832366127,19.999999999999996,30.0,13625.0,13625.0,13625.0,13625,13625,80.47,80.47,80.47,80.47,80.47
phi4_8145_tpusg_batch,phi4,NP,tpusg,phi4_tpusg_NP,1,0,1,100.0,100.0,100.0,100.0,100.0,2807.0,2807.0,2807.0,2807,2807,20.54,20.54,20.54,20.54,20.54
phi4_828c_psg_batch,phi4,P,psg,phi4_psg_P,1,0,1,100.0,100.0,100.0,100.0,100.0,2242.0,2242.0,2242.0,2242,2242,13.51,13.51,13.51,13.51,13.51
phi4_836c_psg_batch,phi4,P,psg,phi4_psg_P,1,0,1,100.0,100.0,100.0,100.0,100.0,2245.0,2245.0,2245.0,2245,2245,13.58,13.58,13.58,13.58,13.58
phi4_8416_psg_batch,phi4,P,psg,phi4_psg_P,1,0,1,100.0,100.0,100.0,100.0,100.0,2242.0,2242.0,2242.0,2242,2242,13.49,13.49,13.49,13.49,13.49
phi4_85a9_psg_batch,phi4,NP,psg,phi4_psg_NP,30,12,18,60.0,30.999999999999993,30.480102522557107,36.666666666666664,41.333333333333336,10342.066666666668,10342.066666666668,13372.0,2233,14467,66.58833333333334,66.58833333333334,77.685,13.72,102.67
phi4_85a9_tpusg_batch,phi4,NP,tpusg,phi4_tpusg_NP,30,0,30,100.0,79.72222222222221,82.70378106730793,90.00000000000001,95.99999999999999,4298.133333333333,4298.133333333333,2834.5,2525,12308,32.17466666666667,32.17466666666667,21.869999999999997,16.08,97.05
phi4_8666_psg_batch,phi4,NP,psg,phi4_psg_NP,1,0,1,100.0,33.33333333333333,36.787944117144235,60.0,60.0,8362.0,8362.0,8362.0,8362,8362,55.06,55.06,55.06,55.06,55.06
phi4_876f_psg_batch,phi4,NP,psg,phi4_psg_NP,1,0,1,100.0,20.0,13.53352832366127,19.999999999999996,30.0,13916.0,13916.0,13916.0,13916,13916,85.9,85.9,85.9,85.9,85.9
phi4_878e_tpusg_batch,phi4,NP,tpusg,phi4_tpusg_NP,1,0,1,100.0,100.0,100.0,100.0,100.0,2545.0,2545.0,2545.0,2545,2545,15.57,15.57,15.57,15.57,15.57
phi4_88b4_psg_batch,phi4,NP,psg,phi4_psg_NP,1,0,1,100.0,25.0,22.313016014842983,39.99999999999999,60.0,11420.0,11420.0,11420.0,11420,11420,80.95,80.95,80.95,80.95,80.95
phi4_8a4b_tpusg_batch,phi4,P,tpusg,phi4_tpusg_P,1,0,1,100.0,100.0,100.0,100.0,100.0,2750.0,2750.0,2750.0,2750,2750,19.45,19.45,19.45,19.45,19.45
phi4_8b8a_psg_batch,phi4,NP,psg,phi4_psg_NP,1,0,1,100.0,33.33333333333333,36.787944117144235,60.0,60.0,8148.0,8148.0,8148.0,8148,8148,51.03,51.03,51.03,51.03,51.03
phi4_8bfa_tpusg_batch,phi4,NP,tpusg,phi4_tpusg_NP,1,0,1,100.0,100.0,100.0,100.0,100.0,2807.0,2807.0,2807.0,2807,2807,20.54,20.54,20.54,20.54,20.54
phi4_8c30_tpusg_batch,phi4,P,tpusg,phi4_tpusg_P,1,0,1,100.0,100.0,100.0,100.0,100.0,2756.0,2756.0,2756.0,2756,2756,19.57,19.57,19.57,19.57,19.57
phi4_8d1f_tpusg_batch,phi4,P,tpusg,phi4_tpusg_P,1,0,1,100.0,100.0,100.0,100.0,100.0,2732.0,2732.0,2732.0,2732,2732,19.17,19.17,19.17,19.17,19.17
phi4_8d36_psg_batch,phi4,P,psg,phi4_psg_P,1,0,1,100.0,100.0,100.0,100.0,100.0,2242.0,2242.0,2242.0,2242,2242,13.53,13.53,13.53,13.53,13.53
phi4_8f24_psg_batch,phi4,P,psg,phi4_psg_P,1,0,1,100.0,100.0,100.0,100.0,100.0,2242.0,2242.0,2242.0,2242,2242,13.69,13.69,13.69,13.69,13.69
phi4_90c4_tpusg_batch,phi4,NP,tpusg,phi4_tpusg_NP,1,0,1,100.0,100.0,100.0,100.0,100.0,2552.0,2552.0,2552.0,2552,2552,15.72,15.72,15.72,15.72,15.72
phi4_9257_tpusg_batch,phi4,P,tpusg,phi4_tpusg_P,1,0,1,100.0,100.0,100.0,100.0,100.0,2750.0,2750.0,2750.0,2750,2750,19.65,19.65,19.65,19.65,19.65
phi4_9295_tpusg_batch,phi4,NP,tpusg,phi4_tpusg_NP,1,0,1,100.0,50.0,60.653065971263345,80.0,100.0,5658.0,5658.0,5658.0,5658,5658,37.54,37.54,37.54,37.54,37.54
phi4_93ef_psg_batch,phi4,P,psg,phi4_psg_P,1,0,1,100.0,100.0,100.0,100.0,100.0,2242.0,2242.0,2242.0,2242,2242,13.51,13.51,13.51,13.51,13.51
phi4_946d_psg_batch,phi4,NP,psg,phi4_psg_NP,1,0,1,100.0,33.33333333333333,36.787944117144235,60.0,60.0,8606.0,8606.0,8606.0,8606,8606,59.84,59.84,59.84,59.84,59.84
phi4_949c_tpusg_batch,phi4,NP,tpusg,phi4_tpusg_NP,1,0,1,100.0,100.0,100.0,100.0,100.0,2764.0,2764.0,2764.0,2764,2764,19.74,19.74,19.74,19.74,19.74
phi4_951b_psg_batch,phi4,NP,psg,phi4_psg_NP,1,0,1,100.0,25.0,22.313016014842983,39.99999999999999,60.0,11315.0,11315.0,11315.0,11315,11315,73.92,73.92,73.92,73.92,73.92
phi4_968d_tpusg_batch,phi4,NP,tpusg,phi4_tpusg_NP,1,0,1,100.0,100.0,100.0,100.0,100.0,2612.0,2612.0,2612.0,2612,2612,16.88,16.88,16.88,16.88,16.88
phi4_96f9_tpusg_batch,phi4,P,tpusg,phi4_tpusg_P,1,0,1,100.0,100.0,100.0,100.0,100.0,2757.0,2757.0,2757.0,2757,2757,19.58,19.58,19.58,19.58,19.58
phi4_9a07_psg_batch,phi4,NP,psg,phi4_psg_NP,1,0,1,100.0,100.0,100.0,100.0,100.0,2306.0,2306.0,2306.0,2306,2306,14.85,14.85,14.85,14.85,14.85
phi4_9a74_psg_batch,phi4,NP,psg,phi4_psg_NP,1,0,1,100.0,50.0,60.653065971263345,80.0,100.0,5384.0,5384.0,5384.0,5384,5384,35.86,35.86,35.86,35.86,35.86
phi4_9cc5_psg_batch,phi4,P,psg,phi4_psg_P,1,0,1,100.0,100.0,100.0,100.0,100.0,2245.0,2245.0,2245.0,2245,2245,13.56,13.56,13.56,13.56,13.56
phi4_9d43_tpusg_batch,phi4,P,tpusg,phi4_tpusg_P,1,0,1,100.0,100.0,100.0,100.0,100.0,2750.0,2750.0,2750.0,2750,2750,19.48,19.48,19.48,19.48,19.48
phi4_9ffc_psg_batch,phi4,NP,psg,phi4_psg_NP,1,1,0,0.0,0.0,0.0,0.0,0.0,15162.0,15162.0,15162.0,15162,15162,109.43,109.43,109.43,109.43,109.43
phi4_a007_tpusg_batch,phi4,NP,tpusg,phi4_tpusg_NP,1,0,1,100.0,100.0,100.0,100.0,100.0,2710.0,2710.0,2710.0,2710,2710,18.84,18.84,18.84,18.84,18.84
phi4_a06f_tpusg_batch,phi4,P,tpusg,phi4_tpusg_P,1,0,1,100.0,100.0,100.0,100.0,100.0,2750.0,2750.0,2750.0,2750,2750,19.65,19.65,19.65,19.65,19.65
phi4_a0b0_psg_batch,phi4,NP,psg,phi4_psg_NP,1,1,0,0.0,0.0,0.0,0.0,0.0,15162.0,15162.0,15162.0,15162,15162,109.43,109.43,109.43,109.43,109.43
phi4_a0dc_tpusg_batch,phi4,NP,tpusg,phi4_tpusg_NP,1,0,1,100.0,100.0,100.0,100.0,100.0,2646.0,2646.0,2646.0,2646,2646,17.52,17.52,17.52,17.52,17.52
phi4_a233_tpusg_batch,phi4,P,tpusg,phi4_tpusg_P,1,0,1,100.0,100.0,100.0,100.0,100.0,2750.0,2750.0,2750.0,2750,2750,19.47,19.47,19.47,19.47,19.47
phi4_a368_tpusg_batch,phi4,NP,tpusg,phi4_tpusg_NP,1,0,1,100.0,100.0,100.0,100.0,100.0,2618.0,2618.0,2618.0,2618,2618,16.95,16.95,16.95,16.95,16.95
phi4_a489_tpusg_batch,phi4,P,tpusg,phi4_tpusg_P,1,0,1,100.0,100.0,100.0,100.0,100.0,2756.0,2756.0,2756.0,2756,2756,19.64,19.64,19.64,19.64,19.64
phi4_a49e_psg_batch,phi4,NP,psg,phi4_psg_NP,1,0,1,100.0,33.33333333333333,36.787944117144235,60.0,60.0,8307.0,8307.0,8307.0,8307,8307,53.97,53.97,53.97,53.97,53.97
phi4_a56b_tpusg_batch,phi4,P,tpusg,phi4_tpusg_P,1,0,1,100.0,100.0,100.0,100.0,100.0,2750.0,2750.0,2750.0,2750,2750,19.46,19.46,19.46,19.46,19.46
phi4_a60b_tpusg_batch,phi4,NP,tpusg,phi4_tpusg_NP,1,0,1,100.0,100.0,100.0,100.0,100.0,2605.0,2605.0,2605.0,2605,2605,16.72,16.72,16.72,16.72,16.72
phi4_a69a_psg_batch,phi4,P,psg,phi4_psg_P,1,0,1,100.0,100.0,100.0,100.0,100.0,2242.0,2242.0,2242.0,2242,2242,13.53,13.53,13.53,13.53,13.53
phi4_a897_psg_batch,phi4,P,psg,phi4_psg_P,1,0,1,100.0,100.0,100.0,100.0,100.0,2245.0,2245.0,2245.0,2245,2245,13.81,13.81,13.81,13.81,13.81
phi4_aa6f_psg_batch,phi4,P,psg,phi4_psg_P,1,0,1,100.0,100.0,100.0,100.0,100.0,2242.0,2242.0,2242.0,2242,2242,13.53,13.53,13.53,13.53,13.53
phi4_ab1e_psg_batch,phi4,NP,psg,phi4_psg_NP,1,0,1,100.0,33.33333333333333,36.787944117144235,60.0,60.0,8404.0,8404.0,8404.0,8404,8404,55.88,55.88,55.88,55.88,55.88
phi4_ac04_psg_batch,phi4,NP,psg,phi4_psg_NP,1,0,1,100.0,100.0,100.0,100.0,100.0,2393.0,2393.0,2393.0,2393,2393,16.46,16.46,16.46,16.46,16.46
phi4_ac79_psg_batch,phi4,NP,psg,phi4_psg_NP,1,0,1,100.0,50.0,60.653065971263345,80.0,100.0,5182.0,5182.0,5182.0,5182,5182,31.94,31.94,31.94,31.94,31.94
phi4_aef6_psg_batch,phi4,P,psg,phi4_psg_P,1,0,1,100.0,100.0,100.0,100.0,100.0,2242.0,2242.0,2242.0,2242,2242,13.51,13.51,13.51,13.51,13.51
phi4_b0ec_tpusg_batch,phi4,P,tpusg,phi4_tpusg_P,1,0,1,100.0,100.0,100.0,100.0,100.0,2757.0,2757.0,2757.0,2757,2757,19.65,19.65,19.65,19.65,19.65
phi4_b183_tpusg_batch,phi4,P,tpusg,phi4_tpusg_P,1,0,1,100.0,100.0,100.0,100.0,100.0,2756.0,2756.0,2756.0,2756,2756,28.11,28.11,28.11,28.11,28.11
phi4_b6fd_tpusg_batch,phi4,P,tpusg,phi4_tpusg_P,1,0,1,100.0,100.0,100.0,100.0,100.0,2750.0,2750.0,2750.0,2750,2750,19.74,19.74,19.74,19.74,19.74
phi4_b7bf_tpusg_batch,phi4,P,tpusg,phi4_tpusg_P,1,0,1,100.0,100.0,100.0,100.0,100.0,2732.0,2732.0,2732.0,2732,2732,19.1,19.1,19.1,19.1,19.1
phi4_b8d5_tpusg_batch,phi4,P,tpusg,phi4_tpusg_P,1,0,1,100.0,100.0,100.0,100.0,100.0,2757.0,2757.0,2757.0,2757,2757,19.58,19.58,19.58,19.58,19.58
phi4_b981_psg_batch,phi4,P,psg,phi4_psg_P,1,0,1,100.0,100.0,100.0,100.0,100.0,2245.0,2245.0,2245.0,2245,2245,13.56,13.56,13.56,13.56,13.56
phi4_b9d1_tpusg_batch,phi4,P,tpusg,phi4_tpusg_P,1,0,1,100.0,100.0,100.0,100.0,100.0,2732.0,2732.0,2732.0,2732,2732,19.12,19.12,19.12,19.12,19.12
phi4_b9eb_tpusg_batch,phi4,NP,tpusg,phi4_tpusg_NP,1,0,1,100.0,20.0,13.53352832366127,19.999999999999996,30.0,15157.0,15157.0,15157.0,15157,15157,107.2,107.2,107.2,107.2,107.2
phi4_baaa_psg_batch,phi4,NP,psg,phi4_psg_NP,1,1,0,0.0,0.0,0.0,0.0,0.0,14413.0,14413.0,14413.0,14413,14413,99.26,99.26,99.26,99.26,99.26
phi4_bb4e_psg_batch,phi4,NP,psg,phi4_psg_NP,1,0,1,100.0,25.0,22.313016014842983,39.99999999999999,60.0,11710.0,11710.0,11710.0,11710,11710,81.45,81.45,81.45,81.45,81.45
phi4_bb66_psg_batch,phi4,P,psg,phi4_psg_P,1,0,1,100.0,100.0,100.0,100.0,100.0,2242.0,2242.0,2242.0,2242,2242,13.5,13.5,13.5,13.5,13.5
phi4_c1df_psg_batch,phi4,NP,psg,phi4_psg_NP,1,0,1,100.0,33.33333333333333,36.787944117144235,60.0,60.0,8591.0,8591.0,8591.0,8591,8591,59.36,59.36,59.36,59.36,59.36
phi4_c26f_tpusg_batch,phi4,P,tpusg,phi4_tpusg_P,30,0,30,100.0,100.0,100.0,100.0,100.0,2749.5333333333333,2749.5333333333333,2750.0,2732,2756,15.212666666666667,15.212666666666667,14.254999999999999,13.99,42.92
phi4_c49f_psg_batch,phi4,P,psg,phi4_psg_P,1,0,1,100.0,100.0,100.0,100.0,100.0,2242.0,2242.0,2242.0,2242,2242,13.51,13.51,13.51,13.51,13.51
phi4_c540_tpusg_batch,phi4,NP,tpusg,phi4_tpusg_NP,1,0,1,100.0,100.0,100.0,100.0,100.0,2634.0,2634.0,2634.0,2634,2634,17.53,17.53,17.53,17.53,17.53
phi4_c77c_psg_batch,phi4,P,psg,phi4_psg_P,1,0,1,100.0,100.0,100.0,100.0,100.0,2242.0,2242.0,2242.0,2242,2242,13.49,13.49,13.49,13.49,13.49
phi4_c7be_tpusg_batch,phi4,NP,tpusg,phi4_tpusg_NP,1,0,1,100.0,100.0,100.0,100.0,100.0,2706.0,2706.0,2706.0,2706,2706,18.64,18.64,18.64,18.64,18.64
phi4_c7d1_psg_batch,phi4,NP,psg,phi4_psg_NP,1,0,1,100.0,50.0,60.653065971263345,80.0,100.0,5384.0,5384.0,5384.0,5384,5384,35.86,35.86,35.86,35.86,35.86
phi4_c845_tpusg_batch,phi4,P,tpusg,phi4_tpusg_P,1,0,1,100.0,100.0,100.0,100.0,100.0,2756.0,2756.0,2756.0,2756,2756,19.57,19.57,19.57,19.57,19.57
phi4_c86d_tpusg_batch,phi4,NP,tpusg,phi4_tpusg_NP,1,0,1,100.0,50.0,60.653065971263345,80.0,100.0,5994.0,5994.0,5994.0,5994,5994,43.76,43.76,43.76,43.76,43.76
phi4_c906_tpusg_batch,phi4,NP,tpusg,phi4_tpusg_NP,1,1,0,0.0,0.0,0.0,0.0,0.0,15123.0,15123.0,15123.0,15123,15123,105.14,105.14,105.14,105.14,105.14
phi4_c918_psg_batch,phi4,NP,psg,phi4_psg_NP,1,0,1,100.0,20.0,13.53352832366127,19.999999999999996,30.0,14955.0,14955.0,14955.0,14955,14955,105.51,105.51,105.51,105.51,105.51
phi4_cc89_psg_batch,phi4,P,psg,phi4_psg_P,1,0,1,100.0,100.0,100.0,100.0,100.0,2245.0,2245.0,2245.0,2245,2245,13.56,13.56,13.56,13.56,13.56
phi4_cca9_tpusg_batch,phi4,P,tpusg,phi4_tpusg_P,1,0,1,100.0,100.0,100.0,100.0,100.0,2750.0,2750.0,2750.0,2750,2750,19.57,19.57,19.57,19.57,19.57
phi4_cce1_psg_batch,phi4,P,psg,phi4_psg_P,1,0,1,100.0,100.0,100.0,100.0,100.0,2245.0,2245.0,2245.0,2245,2245,13.58,13.58,13.58,13.58,13.58
phi4_cd85_psg_batch,phi4,P,psg,phi4_psg_P,1,0,1,100.0,100.0,100.0,100.0,100.0,2242.0,2242.0,2242.0,2242,2242,13.51,13.51,13.51,13.51,13.51
phi4_ce05_psg_batch,phi4,P,psg,phi4_psg_P,1,0,1,100.0,100.0,100.0,100.0,100.0,2242.0,2242.0,2242.0,2242,2242,13.49,13.49,13.49,13.49,13.49
phi4_ce3b_tpusg_batch,phi4,P,tpusg,phi4_tpusg_P,1,0,1,100.0,100.0,100.0,100.0,100.0,2756.0,2756.0,2756.0,2756,2756,19.58,19.58,19.58,19.58,19.58
phi4_cf9e_psg_batch,phi4,NP,psg,phi4_psg_NP,1,0,1,100.0,25.0,22.313016014842983,39.99999999999999,60.0,11315.0,11315.0,11315.0,11315,11315,73.92,73.92,73.92,73.92,73.92
phi4_d012_tpusg_batch,phi4,NP,tpusg,phi4_tpusg_NP,1,0,1,100.0,20.0,13.53352832366127,19.999999999999996,30.0,15330.0,15330.0,15330.0,15330,15330,108.95,108.95,108.95,108.95,108.95
phi4_d02a_tpusg_batch,phi4,P,tpusg,phi4_tpusg_P,1,0,1,100.0,100.0,100.0,100.0,100.0,2756.0,2756.0,2756.0,2756,2756,19.56,19.56,19.56,19.56,19.56
phi4_d1bb_tpusg_batch,phi4,P,tpusg,phi4_tpusg_P,1,0,1,100.0,100.0,100.0,100.0,100.0,2750.0,2750.0,2750.0,2750,2750,19.7,19.7,19.7,19.7,19.7
phi4_d253_tpusg_batch,phi4,NP,tpusg,phi4_tpusg_NP,1,0,1,100.0,100.0,100.0,100.0,100.0,2605.0,2605.0,2605.0,2605,2605,16.72,16.72,16.72,16.72,16.72
phi4_d374_tpusg_batch,phi4,P,tpusg,phi4_tpusg_P,1,0,1,100.0,100.0,100.0,100.0,100.0,2750.0,2750.0,2750.0,2750,2750,19.46,19.46,19.46,19.46,19.46
phi4_d6be_psg_batch,phi4,P,psg,phi4_psg_P,1,0,1,100.0,100.0,100.0,100.0,100.0,2242.0,2242.0,2242.0,2242,2242,13.5,13.5,13.5,13.5,13.5
phi4_d789_psg_batch,phi4,NP,psg,phi4_psg_NP,1,0,1,100.0,50.0,60.653065971263345,80.0,100.0,5259.0,5259.0,5259.0,5259,5259,33.45,33.45,33.45,33.45,33.45
phi4_d870_psg_batch,phi4,P,psg,phi4_psg_P,1,0,1,100.0,100.0,100.0,100.0,100.0,2245.0,2245.0,2245.0,2245,2245,13.56,13.56,13.56,13.56,13.56
phi4_db0f_psg_batch,phi4,P,psg,phi4_psg_P,1,0,1,100.0,100.0,100.0,100.0,100.0,2245.0,2245.0,2245.0,2245,2245,13.56,13.56,13.56,13.56,13.56
phi4_dcb1_tpusg_batch,phi4,NP,tpusg,phi4_tpusg_NP,1,0,1,100.0,100.0,100.0,100.0,100.0,2706.0,2706.0,2706.0,2706,2706,18.64,18.64,18.64,18.64,18.64
phi4_dd80_tpusg_batch,phi4,NP,tpusg,phi4_tpusg_NP,1,0,1,100.0,100.0,100.0,100.0,100.0,2545.0,2545.0,2545.0,2545,2545,15.57,15.57,15.57,15.57,15.57
phi4_df38_psg_batch,phi4,NP,psg,phi4_psg_NP,1,0,1,100.0,20.0,13.53352832366127,19.999999999999996,30.0,14387.0,14387.0,14387.0,14387,14387,100.12,100.12,100.12,100.12,100.12
phi4_e159_tpusg_batch,phi4,NP,tpusg,phi4_tpusg_NP,1,0,1,100.0,50.0,60.653065971263345,80.0,100.0,6148.0,6148.0,6148.0,6148,6148,46.59,46.59,46.59,46.59,46.59
phi4_e43d_psg_batch,phi4,NP,psg,phi4_psg_NP,1,0,1,100.0,50.0,60.653065971263345,80.0,100.0,5115.0,5115.0,5115.0,5115,5115,30.64,30.64,30.64,30.64,30.64
phi4_e5bd_psg_batch,phi4,P,psg,phi4_psg_P,1,0,1,100.0,100.0,100.0,100.0,100.0,2245.0,2245.0,2245.0,2245,2245,13.76,13.76,13.76,13.76,13.76
phi4_e71b_tpusg_batch,phi4,P,tpusg,phi4_tpusg_P,1,0,1,100.0,100.0,100.0,100.0,100.0,2756.0,2756.0,2756.0,2756,2756,19.58,19.58,19.58,19.58,19.58
phi4_e74f_tpusg_batch,phi4,NP,tpusg,phi4_tpusg_NP,1,0,1,100.0,50.0,60.653065971263345,80.0,100.0,5728.0,5728.0,5728.0,5728,5728,38.69,38.69,38.69,38.69,38.69
phi4_ea6d_psg_batch,phi4,P,psg,phi4_psg_P,1,0,1,100.0,100.0,100.0,100.0,100.0,2242.0,2242.0,2242.0,2242,2242,13.51,13.51,13.51,13.51,13.51
phi4_eb0f_psg_batch,phi4,P,psg,phi4_psg_P,1,0,1,100.0,100.0,100.0,100.0,100.0,2242.0,2242.0,2242.0,2242,2242,13.53,13.53,13.53,13.53,13.53
phi4_ebf1_psg_batch,phi4,NP,psg,phi4_psg_NP,1,0,1,100.0,20.0,13.53352832366127,19.999999999999996,30.0,14387.0,14387.0,14387.0,14387,14387,100.12,100.12,100.12,100.12,100.12
phi4_ec43_psg_batch,phi4,NP,psg,phi4_psg_NP,1,1,0,0.0,0.0,0.0,0.0,0.0,14168.0,14168.0,14168.0,14168,14168,94.29,94.29,94.29,94.29,94.29
phi4_ec4d_tpusg_batch,phi4,NP,tpusg,phi4_tpusg_NP,1,1,0,0.0,0.0,0.0,0.0,0.0,15123.0,15123.0,15123.0,15123,15123,105.14,105.14,105.14,105.14,105.14
phi4_ec5b_psg_batch,phi4,NP,psg,phi4_psg_NP,1,0,1,100.0,50.0,60.653065971263345,80.0,100.0,5334.0,5334.0,5334.0,5334,5334,34.89,34.89,34.89,34.89,34.89
phi4_efa4_psg_batch,phi4,NP,psg,phi4_psg_NP,1,0,1,100.0,33.33333333333333,36.787944117144235,60.0,60.0,8331.0,8331.0,8331.0,8331,8331,54.55,54.55,54.55,54.55,54.55
phi4_f0ed_psg_batch,phi4,NP,psg,phi4_psg_NP,1,0,1,100.0,33.33333333333333,36.787944117144235,60.0,60.0,8404.0,8404.0,8404.0,8404,8404,55.88,55.88,55.88,55.88,55.88
phi4_f0f2_tpusg_batch,phi4,P,tpusg,phi4_tpusg_P,1,0,1,100.0,100.0,100.0,100.0,100.0,2732.0,2732.0,2732.0,2732,2732,19.13,19.13,19.13,19.13,19.13
phi4_f10c_tpusg_batch,phi4,NP,tpusg,phi4_tpusg_NP,1,0,1,100.0,100.0,100.0,100.0,100.0,2499.0,2499.0,2499.0,2499,2499,14.7,14.7,14.7,14.7,14.7
phi4_f1d6_psg_batch,phi4,P,psg,phi4_psg_P,1,0,1,100.0,100.0,100.0,100.0,100.0,2245.0,2245.0,2245.0,2245,2245,13.57,13.57,13.57,13.57,13.57
phi4_f469_psg_batch,phi4,NP,psg,phi4_psg_NP,1,0,1,100.0,20.0,13.53352832366127,19.999999999999996,30.0,14955.0,14955.0,14955.0,14955,14955,105.51,105.51,105.51,105.51,105.51
phi4_f46d_tpusg_batch,phi4,NP,tpusg,phi4_tpusg_NP,1,0,1,100.0,100.0,100.0,100.0,100.0,2813.0,2813.0,2813.0,2813,2813,20.64,20.64,20.64,20.64,20.64
phi4_f541_psg_batch,phi4,P,psg,phi4_psg_P,1,0,1,100.0,100.0,100.0,100.0,100.0,2242.0,2242.0,2242.0,2242,2242,13.51,13.51,13.51,13.51,13.51
phi4_f548_tpusg_batch,phi4,NP,tpusg,phi4_tpusg_NP,1,0,1,100.0,100.0,100.0,100.0,100.0,2764.0,2764.0,2764.0,2764,2764,19.74,19.74,19.74,19.74,19.74
phi4_f748_psg_batch,phi4,P,psg,phi4_psg_P,1,0,1,100.0,100.0,100.0,100.0,100.0,2242.0,2242.0,2242.0,2242,2242,13.51,13.51,13.51,13.51,13.51
phi4_f77c_psg_batch,phi4,NP,psg,phi4_psg_NP,1,0,1,100.0,100.0,100.0,100.0,100.0,2824.0,2824.0,2824.0,2824,2824,24.7,24.7,24.7,24.7,24.7
phi4_f7ab_tpusg_batch,phi4,NP,tpusg,phi4_tpusg_NP,1,0,1,100.0,20.0,13.53352832366127,19.999999999999996,30.0,15330.0,15330.0,15330.0,15330,15330,108.95,108.95,108.95,108.95,108.95
phi4_f835_tpusg_batch,phi4,P,tpusg,phi4_tpusg_P,1,0,1,100.0,100.0,100.0,100.0,100.0,2750.0,2750.0,2750.0,2750,2750,19.46,19.46,19.46,19.46,19.46
phi4_f8ff_tpusg_batch,phi4,NP,tpusg,phi4_tpusg_NP,1,0,1,100.0,20.0,13.53352832366127,19.999999999999996,30.0,15157.0,15157.0,15157.0,15157,15157,107.2,107.2,107.2,107.2,107.2
phi4_f98e_psg_batch,phi4,NP,psg,phi4_psg_NP,1,0,1,100.0,100.0,100.0,100.0,100.0,2268.0,2268.0,2268.0,2268,2268,14.03,14.03,14.03,14.03,14.03
phi4_fac4_psg_batch,phi4,P,psg,phi4_psg_P,1,0,1,100.0,100.0,100.0,100.0,100.0,2242.0,2242.0,2242.0,2242,2242,13.5,13.5,13.5,13.5,13.5
phi4_fb77_psg_batch,phi4,P,psg,phi4_psg_P,1,0,1,100.0,100.0,100.0,100.0,100.0,2245.0,2245.0,2245.0,2245,2245,13.76,13.76,13.76,13.76,13.76
phi4_fbdd_psg_batch,phi4,P,psg,phi4_psg_P,1,0,1,100.0,100.0,100.0,100.0,100.0,2245.0,2245.0,2245.0,2245,2245,13.56,13.56,13.56,13.56,13.56
phi4_ff17_tpusg_batch,phi4,NP,tpusg,phi4_tpusg_NP,1,0,1,100.0,50.0,60.653065971263345,80.0,100.0,5728.0,5728.0,5728.0,5728,5728,38.69,38.69,38.69,38.69,38.69
phi4_ff3f_psg_batch,phi4,NP,psg,phi4_psg_NP,1,0,1,100.0,20.0,13.53352832366127,19.999999999999996,30.0,13916.0,13916.0,13916.0,13916,13916,85.9,85.9,85.9,85.9,85.9
qwen2.5-coder:14b_3193_psg_batch,qwen2.5-coder:14b,P,psg,qwen2.5-coder:14b_psg_P,30,28,2,6.666666666666667,2.5,2.765536066203544,4.0,5.333333333333334,11765.666666666666,11765.666666666666,12091.0,4720,12408,40.58533333333333,40.58533333333333,41.53,18.82,46.72
qwen2.5-coder:14b_3193_tpusg_batch,qwen2.5-coder:14b,P,tpusg,qwen2.5-coder:14b_tpusg_P,30,0,30,100.0,100.0,100.0,100.0,100.0,2609.0,2609.0,2609.0,2609,2609,14.077333333333334,14.077333333333334,13.57,13.55,28.36
qwen2.5-coder:14b_33b8_psg_batch,qwen2.5-coder:14b,P,psg,qwen2.5-coder:14b_psg_P,30,30,0,0.0,0.0,0.0,0.0,0.0,12048.433333333332,12048.433333333332,12002.0,11828,12427,57.12,57.12,56.095,52.23,65.62
qwen2.5-coder:14b_33b8_tpusg_batch,qwen2.5-coder:14b,P,tpusg,qwen2.5-coder:14b_tpusg_P,30,0,30,100.0,100.0,100.0,100.0,100.0,2654.866666666667,2654.866666666667,2655.0,2651,2655,20.365666666666666,20.365666666666666,19.89,19.75,33.07
qwen2.5-coder:14b_4b1a_tpusg_batch,qwen2.5-coder:14b,NP,tpusg,qwen2.5-coder:14b_tpusg_NP,2,0,2,100.0,100.0,100.0,100.0,100.0,2617.5,2617.5,2617.5,2601,2634,31.939999999999998,31.939999999999998,31.939999999999998,13.09,50.79
qwen2.5-coder:14b_5d09_psg_batch,qwen2.5-coder:14b,NP,psg,qwen2.5-coder:14b_psg_NP,30,14,16,53.333333333333336,29.72222222222222,32.3390377476048,40.666666666666664,45.333333333333336,9404.433333333332,9404.433333333332,9359.5,2221,14304,45.26566666666667,45.26566666666667,44.465,10.37,75.38
qwen2.5-coder:14b_5d09_tpusg_batch,qwen2.5-coder:14b,NP,tpusg,qwen2.5-coder:14b_tpusg_NP,30,0,30,100.0,72.33333333333333,76.36936954529968,86.00000000000001,93.66666666666667,4765.4,4765.4,4119.0,2576,14964,25.292333333333332,25.292333333333332,21.375,12.65,82.72
qwen2.5-coder:14b_684d_tpusg_batch,qwen2.5-coder:14b,NP,tpusg,qwen2.5-coder:14b_tpusg_NP,11,2,9,81.81818181818183,70.45454545454545,71.17873472600967,74.54545454545453,78.18181818181817,4823.909090909091,4823.909090909091,2675.0,2592,14219,27.753636363636364,27.753636363636364,14.88,13.09,70.89
qwen2.5-coder:14b_85a9_psg_batch,qwen2.5-coder:14b,NP,psg,qwen2.5-coder:14b_psg_NP,30,22,8,26.666666666666668,16.88888888888889,16.68809816272037,18.666666666666664,19.333333333333336,10776.9,10776.9,12443.5,2235,12961,58.60633333333333,58.60633333333333,66.395,15.15,77.76
qwen2.5-coder:14b_85a9_tpusg_batch,qwen2.5-coder:14b,NP,tpusg,qwen2.5-coder:14b_tpusg_NP,16,2,14,87.5,63.541666666666664,67.30257613066283,76.25,82.5,5844.1875,5844.1875,5564.0,2612,14808,47.374375,47.374375,42.42,19.65,119.25
qwen2.5-coder:14b_c83f_psg_batch,qwen2.5-coder:14b,NP,psg,qwen2.5-coder:14b_psg_NP,30,7,23,76.66666666666667,38.166666666666664,41.569261160414186,54.000000000000014,62.33333333333334,8117.3,8117.3,7870.5,2220,13747,38.433,38.433,36.535,10.22,66.26
qwen2.5-coder:14b_c83f_tpusg_batch,qwen2.5-coder:14b,NP,tpusg,qwen2.5-coder:14b_tpusg_NP,30,2,28,93.33333333333333,73.05555555555556,74.96216668285392,82.0,85.33333333333334,5162.233333333334,5162.233333333334,2696.0,2574,14831,28.084999999999997,28.084999999999997,14.49,12.57,101.69
qwen2.5-coder:14b_d266_psg_batch,qwen2.5-coder:14b,P,psg,qwen2.5-coder:14b_psg_P,27,25,2,7.4074074074074066,1.6666666666666667,1.3276497903149722,2.2222222222222214,3.3333333333333335,12064.296296296296,12064.296296296296,12186.0,9549,12427,43.53074074074074,43.53074074074074,43.95,32.67,70.54
qwen2.5-coder:14b_ea68_tpusg_batch,qwen2.5-coder:14b,NP,tpusg,qwen2.5-coder:14b_tpusg_NP,20,0,20,100.0,76.66666666666667,79.23396530015735,86.99999999999999,94.0,4642.9,4642.9,2688.5,2605,11902,26.7485,26.7485,14.435,13.11,67.81
qwen2.5-coder:32b_17ec_psg_batch,qwen2.5-coder:32b,NP,psg,qwen2.5-coder:32b_psg_NP,30,18,12,40.0,29.72222222222222,30.57316787305527,34.0,36.00000000000001,10419.033333333333,10419.033333333333,13937.0,2266,15638,96.23700000000001,96.23700000000001,122.185,19.29,168.23
qwen2.5-coder:32b_17ec_tpusg_batch,qwen2.5-coder:32b,NP,tpusg,qwen2.5-coder:32b_tpusg_NP,30,0,30,100.0,74.83333333333333,77.71449681533478,85.99999999999999,92.33333333333334,4823.9,4823.9,2693.0,2618,14870,45.913000000000004,45.913000000000004,25.5,23.42,142.17
qwen2.5-coder:32b_1974_psg_batch,qwen2.5-coder:32b,P,psg,qwen2.5-coder:32b_psg_P,30,17,13,43.333333333333336,9.666666666666668,7.62042647848956,12.666666666666663,18.999999999999996,13713.6,13713.6,13934.5,10941,16284,181.477,181.477,178.11,135.07,263.98
qwen2.5-coder:32b_1974_tpusg_batch,qwen2.5-coder:32b,P,tpusg,qwen2.5-coder:32b_tpusg_P,30,12,18,60.0,16.05555555555556,15.214998446543884,25.999999999999996,34.0,12908.266666666666,12908.266666666666,12456.0,8746,15898,179.65233333333333,179.65233333333333,181.39499999999998,115.81,236.94
qwen2.5-coder:32b_373e_psg_batch,qwen2.5-coder:32b,P,psg,qwen2.5-coder:32b_psg_P,30,18,12,40.0,10.777777777777779,9.91516021183286,14.66666666666666,19.666666666666664,13379.866666666667,13379.866666666667,14000.0,5099,16647,125.03,125.03,123.89,42.07,193.48
qwen2.5-coder:32b_373e_tpusg_batch,qwen2.5-coder:32b,P,tpusg,qwen2.5-coder:32b_tpusg_P,30,23,7,23.333333333333332,6.444444444444445,6.2584120479853595,10.0,11.0,14513.133333333333,14513.133333333333,15322.5,8963,15787,146.66066666666666,146.66066666666666,152.61,87.4,205.07
qwen2.5-coder:32b_4e11_tpusg_batch,qwen2.5-coder:32b,NP,tpusg,qwen2.5-coder:32b_tpusg_NP,11,0,11,100.0,82.57575757575756,83.61400237302277,89.0909090909091,92.72727272727272,4382.0,4382.0,2678.0,2596,12349,67.52272727272727,67.52272727272727,37.39,34.13,183.86
qwen2.5-coder:32b_57d5_psg_batch,qwen2.5-coder:32b,P,psg,qwen2.5-coder:32b_psg_P,30,20,10,33.33333333333333,7.944444444444445,6.749571249533474,11.333333333333332,15.999999999999998,13436.333333333334,13436.333333333334,13943.0,8010,17991,123.32366666666667,123.32366666666667,121.77000000000001,68.14,231.35
qwen2.5-coder:32b_5f8b_psg_batch,qwen2.5-coder:32b,NP,psg,qwen2.5-coder:32b_psg_NP,30,12,18,60.0,41.33333333333333,41.423666233323495,46.0,48.66666666666667,9201.3,9201.3,11461.0,2243,14789,83.49033333333334,83.49033333333334,107.065,18.41,143.62
qwen2.5-coder:32b_5f8b_tpusg_batch,qwen2.5-coder:32b,NP,tpusg,qwen2.5-coder:32b_tpusg_NP,30,1,29,96.66666666666667,73.6111111111111,77.54282286052945,85.99999999999999,94.0,4759.7,4759.7,2819.0,2570,15371,45.43866666666667,45.43866666666667,30.305,21.72,153.74
qwen2.5-coder:32b_6eca_psg_batch,qwen2.5-coder:32b,P,psg,qwen2.5-coder:32b_psg_P,30,0,30,100.0,100.0,100.0,100.0,100.0,2513.3,2513.3,2515.0,2503,2533,46.36866666666666,46.36866666666666,26.814999999999998,26.35,418.85
qwen2.5-coder:32b_aabd_psg_batch,qwen2.5-coder:32b,NP,psg,qwen2.5-coder:32b_psg_NP,30,8,22,73.33333333333333,69.44444444444444,69.91470033628026,71.33333333333333,72.00000000000001,5907.833333333333,5907.833333333333,2436.5,2291,14860,83.67433333333334,83.67433333333334,36.83,30.7,215.41
qwen2.5-coder:32b_ae24_tpusg_batch,qwen2.5-coder:32b,NP,tpusg,qwen2.5-coder:32b_tpusg_NP,19,2,17,89.47368421052632,60.08771929824561,62.26985264020372,71.57894736842105,78.94736842105263,6734.631578947368,6734.631578947368,5708.0,2587,15231,70.93947368421053,70.93947368421053,56.95,22.69,218.03
qwen2.5-coder:32b_c8a6_psg_batch,qwen2.5-coder:32b,P,psg,qwen2.5-coder:32b_psg_P,16,7,9,56.25,14.895833333333334,13.65713571422385,21.25,28.749999999999996,12492.0,12492.0,13910.5,5099,14243,108.2225,108.2225,119.675,42.08,128.62
qwen2.5-coder:32b_c8a6_tpusg_batch,qwen2.5-coder:32b,P,tpusg,qwen2.5-coder:32b_tpusg_P,30,21,9,30.0,8.833333333333334,9.003591245501031,14.666666666666666,15.999999999999998,14032.9,14032.9,15318.5,8976,16275,140.58233333333334,140.58233333333334,152.1,87.76,177.71
qwen2.5-coder:32b_ee11_psg_batch,qwen2.5-coder:32b,P,psg,qwen2.5-coder:32b_psg_P,30,20,10,33.33333333333333,7.277777777777778,5.578972890709246,8.666666666666666,11.999999999999998,13932.3,13932.3,14001.0,8031,16079,127.461,127.461,123.945,68.78,180.49
qwen2.5-coder:32b_ee11_tpusg_batch,qwen2.5-coder:32b,P,tpusg,qwen2.5-coder:32b_tpusg_P,30,22,8,26.666666666666668,6.722222222222222,6.037184041660041,10.0,13.0,14586.9,14586.9,15290.0,9079,15459,148.82866666666666,148.82866666666666,153.98000000000002,91.84,203.97
